{
  "reactCustomHook": {
    "prefix": "rh",
    "body": [
      "/**\n * $1\n */",
      "export default function ${TM_FILENAME_BASE}() {",
      "  $0",
      "}\n"
    ],
    "description": "Creates a custom hook without props"
  },
  "reactCustomHookWithProps": {
    "prefix": "rhp",
    "body": [
      "type IProps = {\n${2://TODO}\n\n}",
      "/**\n * ${1:TODO}\n */",
      "export default function ${TM_FILENAME_BASE}(props: IProps) {",
      "  $0",
      "}\n\n"
    ],
    "description": "Creates a custom hook with props"
  },
  "reactUseEffect": {
    "prefix": "ue",
    "body": ["useEffect(() => {", "  $0", "}, [$1])\n"],
    "description": "React useEffect hook"
  },
  "playwrightTest": {
    "prefix": "pt",
    "body": ["test('$1', async ({$2}) => {", "  $0", "})"],
    "description": "Playwright Test case"
  },
  "playwrightDescribe": {
    "prefix": "pd",
    "body": ["test.describe('$1', () => {", "  $0", "})"],
    "description": "Playwright Describe"
  },
  "playwrightBeforeEach": {
    "prefix": "pbe",
    "body": ["test.beforeEach(async ({$1}) => {", "  $0", "})"],
    "description": "Playwright BeforeEach hook"
  },
  "playwrightAfterEach": {
    "prefix": "pae",
    "body": ["test.afterEach(async ({$1}) => {", "  $0", "})"],
    "description": "Playwright AfterEach hook"
  }
}
